{
"dderbyScenario":[
  {
    "name":"Messages",
    "noCockpit":false,
    "directive":"messages",
    "jsSource":"../../ui/modules/apps/Messages/app.js",
    "domElement":"<messages></messages>",
    "css":{
      "top":"80px",
      "height":"400px",
      "left":"0px",
      "width":"500px"
    }
  },
  {
    "name":"Tacho2",
    "noCockpit":true,
    "directive":"tacho2",
    "jsSource":"../../ui/modules/apps/Tacho2/app.js",
    "domElement":"<tacho2></tacho2>",
    "css":{
      "right":"20px",
      "height":"300px",
      "bottom":"20px",
      "width":"300px"
    }
  },
  {
    "name":"RaceCountdown",
    "noCockpit":false,
    "directive":"raceCountdown",
    "jsSource":"../../ui/modules/apps/RaceCountdown/app.js",
    "domElement":"<race-countdown></race-countdown>",
    "css":{
      "top":"220px",
      "height":"160px",
      "margin":"auto",
      "left":"0px",
      "right":"0px",
      "width":"690px"
    }
  },
  {
    "name":"Race Realtime Display",
    "noCockpit":false,
    "directive":"raceRealtimeDisplay",
    "jsSource":"../../ui/modules/apps/RaceRealtimeDisplay/app.js",
    "domElement":"<race-realtime-display></race-realtime-display>",
    "css":{
      "top":"200px",
      "height":"160px",
      "margin":"auto",
      "left":"0px",
      "right":"0px",
      "width":"690px"
    }
  },
  {
    "domElement":"<simple-powertrain-control></simple-powertrain-control>",
    "preserveAspectRatio":true,
    "noCockpit":true,
    "directive":"simplePowertrainControl",
    "name":"Simple Powertrain Control",
    "jsSource":"../../ui/modules/apps/SimplePowertrainControl/app.js",
    "css":{
      "position":"absolute",
      "height":"170px",
      "bottom":"0px",
      "left":"",
      "right":"260px",
      "top":"",
      "width":"230px"
    }
  },
  {
    "domElement":"<damage-app></damage-app>",
    "preserveAspectRatio":true,
    "noCockpit":false,
    "directive":"damageApp",
    "name":"ui.apps.vehicle_damage_app.name",
    "jsSource":"../../ui/modules/apps/DamageAppVehicleSimple/app.js",
    "css":{
      "position":"absolute",
      "height":"320px",
      "bottom":"0px",
      "left":"0px",
      "right":"",
      "top":"",
      "width":"180px"
    }
  },
  {
    "noCockpit":false,
    "domElement":"<json-debug></json-debug>",
    "directive":"jsonDebug",
    "jsSource":"../../ui/modules/apps/JsonDump/app.js",
    "name":"ui.apps.json_dump.name",
    "css":{
      "position":"absolute",
      "height":"230px",
      "bottom":"0px",
      "left":"180px",
      "right":"",
      "top":"",
      "width":"280px"
    }
  }
],
"busRouteScenario":[
  {
    "domElement":"<messages></messages>",
    "preserveAspectRatio":false,
    "noCockpit":false,
    "directive":"messages",
    "name":"Messages",
    "jsSource":"../../ui/modules/apps/Messages/app.js",
    "css":{
      "left":"0px",
      "height":"400px",
      "top":"0px",
      "width":"500px"
    }
  },
  {
    "domElement":"<tacho2></tacho2>",
    "preserveAspectRatio":false,
    "noCockpit":true,
    "directive":"tacho2",
    "name":"Tacho2",
    "jsSource":"../../ui/modules/apps/Tacho2/app.js",
    "css":{
      "height":"300px",
      "right":"20px",
      "bottom":"20px",
      "width":"300px"
    }
  },
  {
    "domElement":"<forced-induction></forced-induction>",
    "preserveAspectRatio":false,
    "noCockpit":true,
    "directive":"forcedInduction",
    "name":"ForcedInduction",
    "jsSource":"../../ui/modules/apps/Forcedinduction/app.js",
    "css":{
      "height":"150px",
      "right":"20px",
      "bottom":"320px",
      "width":"150px"
    }
  },
  {
    "domElement":"<simple-powertrain-control></simple-powertrain-control>",
    "preserveAspectRatio":true,
    "noCockpit":true,
    "directive":"simplePowertrainControl",
    "name":"Simple Powertrain Control",
    "jsSource":"../../ui/modules/apps/SimplePowertrainControl/app.js",
    "css":{
      "position":"absolute",
      "height":"170px",
      "bottom":"0px",
      "left":"",
      "right":"260px",
      "top":"",
      "width":"230px"
    }
  },
  {
    "domElement":"<race-countdown></race-countdown>",
    "preserveAspectRatio":false,
    "noCockpit":false,
    "directive":"raceCountdown",
    "name":"ui.apps.racecountdown.name",
    "jsSource":"../../ui/modules/apps/RaceCountdown/app.js",
    "css":{
      "position":"absolute",
      "height":"160px",
      "bottom":0,
      "margin":"auto",
      "left":0,
      "right":0,
      "top":0,
      "width":"690px"
    }
  },
  {
    "domElement":"<bus-line></bus-line>",
    "preserveAspectRatio":true,
    "noCockpit":false,
    "directive":"busLine",
    "name":"bus line",
    "jsSource":"../../ui/modules/apps/busLine/app.js",
    "css":{
      "position":"absolute",
      "height":"230px",
      "bottom":"",
      "margin":"auto",
      "left":"",
      "right":0,
      "top":"0px",
      "width":"260px"
    }
  },
  {
    "domElement":"<race-realtime-display></race-realtime-display>",
    "preserveAspectRatio":false,
    "noCockpit":false,
    "directive":"raceRealtimeDisplay",
    "name":"Race Realtime Display",
    "jsSource":"../../ui/modules/apps/RaceRealtimeDisplay/app.js",
    "css":{
      "top":"200px",
      "height":"160px",
      "margin":"auto",
      "left":"0px",
      "right":"0px",
      "width":"690px"
    }
  },
  {
    "domElement":"<damage-app></damage-app>",
    "preserveAspectRatio":true,
    "noCockpit":false,
    "directive":"damageApp",
    "name":"ui.apps.vehicle_damage_app.name",
    "jsSource":"../../ui/modules/apps/DamageAppVehicleSimple/app.js",
    "css":{
      "position":"absolute",
      "height":"320px",
      "bottom":"0px",
      "left":"0px",
      "right":"",
      "top":"",
      "width":"180px"
    }
  }
],
"garage":[
  {
    "name":"Messages",
    "noCockpit":false,
    "directive":"messages",
    "jsSource":"../../ui/modules/apps/Messages/app.js",
    "domElement":"<messages></messages>",
    "css":{
      "top":"80px",
      "height":"400px",
      "left":"0px",
      "width":"300px"
    }
  }
],
"offroadScenario":[
  {
    "name":"Messages",
    "noCockpit":false,
    "directive":"messages",
    "jsSource":"../../ui/modules/apps/Messages/app.js",
    "domElement":"<messages></messages>",
    "css":{
      "top":"80px",
      "height":"400px",
      "left":"0px",
      "width":"500px"
    }
  },
  {
    "name":"Race Time",
    "noCockpit":false,
    "directive":"raceTime",
    "jsSource":"../../ui/modules/apps/RaceTime/app.js",
    "domElement":"<race-time></race-time>",
    "css":{
      "top":"0px",
      "height":"80px",
      "right":"0px",
      "width":"150px"
    }
  },
  {
    "name":"RaceLaps",
    "noCockpit":false,
    "directive":"raceLaps",
    "jsSource":"../../ui/modules/apps/RaceLaps/app.js",
    "domElement":"<race-laps></race-laps>",
    "css":{
      "top":"0px",
      "height":"80px",
      "left":"0px",
      "width":"130px"
    }
  },
  {
    "name":"Race Check Points",
    "noCockpit":false,
    "directive":"raceCheckpoints",
    "jsSource":"../../ui/modules/apps/RaceCheckPoints/app.js",
    "domElement":"<race-checkpoints></race-checkpoints>",
    "css":{
      "top":"65px",
      "height":"40px",
      "margin":"auto",
      "left":"0px",
      "right":"0px",
      "width":"300px"
    }
  },
  {
    "name":"Race Time Comparison",
    "noCockpit":false,
    "directive":"raceTimeComparison",
    "jsSource":"../../ui/modules/apps/RaceTimeComparison/app.js",
    "domElement":"<race-time-comparison></race-time-comparison>",
    "css":{
      "top":"0px",
      "height":"80px",
      "right":"150px",
      "width":"150px"
    }
  },
  {
    "name":"Tacho2",
    "noCockpit":true,
    "directive":"tacho2",
    "jsSource":"../../ui/modules/apps/Tacho2/app.js",
    "domElement":"<tacho2></tacho2>",
    "css":{
      "right":"20px",
      "height":"300px",
      "bottom":"20px",
      "width":"300px"
    }
  },
  {
    "noCockpit":true,
    "domElement":"<forced-induction></forced-induction>",
    "directive":"forcedInduction",
    "jsSource":"../../ui/modules/apps/Forcedinduction/app.js",
    "name":"ForcedInduction",
    "css":{
      "right":"20px",
      "height":"150px",
      "bottom":"320px",
      "width":"150px"
    }
  },
  {
    "name":"RaceCountdown",
    "noCockpit":false,
    "directive":"raceCountdown",
    "jsSource":"../../ui/modules/apps/RaceCountdown/app.js",
    "domElement":"<race-countdown></race-countdown>",
    "css":{
      "top":"220px",
      "height":"160px",
      "margin":"auto",
      "left":"0px",
      "right":"0px",
      "width":"690px"
    }
  },
  {
    "name":"Race Realtime Display",
    "noCockpit":false,
    "directive":"raceRealtimeDisplay",
    "jsSource":"../../ui/modules/apps/RaceRealtimeDisplay/app.js",
    "domElement":"<race-realtime-display></race-realtime-display>",
    "css":{
      "top":"200px",
      "height":"160px",
      "margin":"auto",
      "left":"0px",
      "right":"0px",
      "width":"690px"
    }
  },
  {
    "name":"Precision Compass",
    "noCockpit":false,
    "directive":"compassPrecise",
    "jsSource":"../../ui/modules/apps/CompassPrecise/app.js",
    "domElement":"<compass-precise></compass-precise>",
    "css":{
      "top":"5px",
      "height":"60px",
      "margin":"auto",
      "left":"0px",
      "right":"0px",
      "width":"600px"
    }
  },
  {
    "domElement":"<simple-powertrain-control></simple-powertrain-control>",
    "preserveAspectRatio":true,
    "noCockpit":true,
    "directive":"simplePowertrainControl",
    "name":"Simple Powertrain Control",
    "jsSource":"../../ui/modules/apps/SimplePowertrainControl/app.js",
    "css":{
      "position":"absolute",
      "height":"170px",
      "bottom":"0px",
      "left":"",
      "right":"260px",
      "top":"",
      "width":"230px"
    }
  },
  {
    "domElement":"<damage-app></damage-app>",
    "preserveAspectRatio":true,
    "noCockpit":false,
    "directive":"damageApp",
    "name":"ui.apps.vehicle_damage_app.name",
    "jsSource":"../../ui/modules/apps/DamageAppVehicleSimple/app.js",
    "css":{
      "position":"absolute",
      "height":"320px",
      "bottom":"0px",
      "left":"0px",
      "right":"",
      "top":"",
      "width":"180px"
    }
  }
],
"annotation_mode":[
  {
    "name":"AnnotationInfo",
    "noCockpit":false,
    "directive":"annotationInfo",
    "jsSource":"../../ui/modules/apps/AnnotationInfo/app.js",
    "domElement":"<annotation-info></annotation-info>",
    "css":{
      "top":"0px",
      "height":"250px",
      "margin":"auto",
      "left":"0px",
      "width":"300px"
    }
  }
],
"collectionEvent":[
  {
    "name":"Messages",
    "noCockpit":false,
    "directive":"messages",
    "jsSource":"../../ui/modules/apps/Messages/app.js",
    "domElement":"<messages></messages>",
    "css":{
      "top":"0px",
      "height":"400px",
      "left":"0px",
      "width":"500px"
    }
  },
  {
    "name":"Tacho2",
    "noCockpit":true,
    "directive":"tacho2",
    "jsSource":"../../ui/modules/apps/Tacho2/app.js",
    "domElement":"<tacho2></tacho2>",
    "css":{
      "right":"20px",
      "height":"300px",
      "bottom":"20px",
      "width":"300px"
    }
  },
  {
    "noCockpit":true,
    "domElement":"<forced-induction></forced-induction>",
    "directive":"forcedInduction",
    "jsSource":"../../ui/modules/apps/Forcedinduction/app.js",
    "name":"ForcedInduction",
    "css":{
      "right":"20px",
      "height":"150px",
      "bottom":"320px",
      "width":"150px"
    }
  },
  {
    "noCockpit":false,
    "domElement":"<key-list></key-list>",
    "directive":"keyList",
    "jsSource":"../../ui/modules/apps/Keys/app.js",
    "name":"Keys",
    "css":{
      "top":"0px",
      "right":"0px",
      "height":"500px",
      "width":"355px"
    }
  },
  {
    "domElement":"<radialmenu></radialmenu>",
    "directive":"radialmenu",
    "name":"Radial menu",
    "jsSource":"../../ui/modules/apps/RadialMenu/app.js",
    "css":{
      "top":"0",
      "height":"450px",
      "bottom":"0",
      "left":"0",
      "right":"0",
      "margin":"auto",
      "width":"450px"
    }
  },
  {
    "domElement":"<simple-powertrain-control></simple-powertrain-control>",
    "preserveAspectRatio":true,
    "noCockpit":true,
    "directive":"simplePowertrainControl",
    "name":"Simple Powertrain Control",
    "jsSource":"../../ui/modules/apps/SimplePowertrainControl/app.js",
    "css":{
      "position":"absolute",
      "height":"170px",
      "bottom":"0px",
      "left":"",
      "right":"260px",
      "top":"",
      "width":"230px"
    }
  },
  {
    "domElement":"<damage-app></damage-app>",
    "preserveAspectRatio":true,
    "noCockpit":false,
    "directive":"damageApp",
    "name":"ui.apps.vehicle_damage_app.name",
    "jsSource":"../../ui/modules/apps/DamageAppVehicleSimple/app.js",
    "css":{
      "position":"absolute",
      "height":"320px",
      "bottom":"300px",
      "left":"0px",
      "right":"",
      "top":"",
      "width":"180px"
    }
  },
  {
    "domElement":"<navigation></navigation>",
    "preserveAspectRatio":true,
    "noCockpit":true,
    "directive":"navigation",
    "name":"ui.apps.navigation.name",
    "jsSource":"../../ui/modules/apps/Navigation/app.js",
    "css":{
      "position":"absolute",
      "height":"300px",
      "bottom":"0px",
      "left":"0px",
      "right":"",
      "top":"",
      "width":"500px"
    }
  }
],
"exploration":[
  {
    "name":"Messages",
    "noCockpit":false,
    "directive":"messages",
    "jsSource":"../../ui/modules/apps/Messages/app.js",
    "domElement":"<messages></messages>",
    "css":{
      "top":"0px",
      "height":"400px",
      "left":"0px",
      "width":"500px"
    }
  },
  {
    "name":"Tacho2",
    "noCockpit":true,
    "directive":"tacho2",
    "jsSource":"../../ui/modules/apps/Tacho2/app.js",
    "domElement":"<tacho2></tacho2>",
    "css":{
      "right":"20px",
      "height":"300px",
      "bottom":"20px",
      "width":"300px"
    }
  },
  {
    "noCockpit":true,
    "domElement":"<forced-induction></forced-induction>",
    "directive":"forcedInduction",
    "jsSource":"../../ui/modules/apps/Forcedinduction/app.js",
    "name":"ForcedInduction",
    "css":{
      "right":"20px",
      "height":"150px",
      "bottom":"320px",
      "width":"150px"
    }
  },
  {
    "noCockpit":false,
    "domElement":"<key-list></key-list>",
    "directive":"keyList",
    "jsSource":"../../ui/modules/apps/Keys/app.js",
    "name":"Keys",
    "css":{
      "top":"0px",
      "right":"0px",
      "height":"500px",
      "width":"355px"
    }
  },
  {
    "domElement":"<simple-powertrain-control></simple-powertrain-control>",
    "preserveAspectRatio":true,
    "noCockpit":true,
    "directive":"simplePowertrainControl",
    "name":"Simple Powertrain Control",
    "jsSource":"../../ui/modules/apps/SimplePowertrainControl/app.js",
    "css":{
      "position":"absolute",
      "height":"170px",
      "bottom":"0px",
      "left":"",
      "right":"260px",
      "top":"",
      "width":"230px"
    }
  },
  {
    "domElement":"<damage-app></damage-app>",
    "preserveAspectRatio":true,
    "noCockpit":false,
    "directive":"damageApp",
    "name":"ui.apps.vehicle_damage_app.name",
    "jsSource":"../../ui/modules/apps/DamageAppVehicleSimple/app.js",
    "css":{
      "position":"absolute",
      "height":"320px",
      "bottom":"0px",
      "left":"0px",
      "right":"",
      "top":"",
      "width":"180px"
    }
  },
  {
    "name":"RaceCountdown",
    "noCockpit":false,
    "directive":"raceCountdown",
    "jsSource":"../../ui/modules/apps/RaceCountdown/app.js",
    "domElement":"<race-countdown></race-countdown>",
    "css":{
      "top":"220px",
      "height":"160px",
      "margin":"auto",
      "left":"0px",
      "right":"0px",
      "width":"690px"
    }
  },
  {
    "name":"Race Realtime Display",
    "noCockpit":false,
    "directive":"raceRealtimeDisplay",
    "jsSource":"../../ui/modules/apps/RaceRealtimeDisplay/app.js",
    "domElement":"<race-realtime-display></race-realtime-display>",
    "css":{
      "top":"200px",
      "height":"160px",
      "margin":"auto",
      "left":"0px",
      "right":"0px",
      "width":"690px"
    }
  }
],
"multiseatscenario":[
  {
    "name":"Messages",
    "noCockpit":false,
    "directive":"messages",
    "jsSource":"../../ui/modules/apps/Messages/app.js",
    "domElement":"<messages></messages>",
    "css":{
      "top":"80px",
      "height":"400px",
      "left":"0px",
      "width":"500px"
    }
  },
  {
    "name":"Race Time",
    "noCockpit":false,
    "directive":"raceTime",
    "jsSource":"../../ui/modules/apps/RaceTime/app.js",
    "domElement":"<race-time></race-time>",
    "css":{
      "top":"0px",
      "height":"80px",
      "right":"0px",
      "width":"150px"
    }
  },
  {
    "name":"RaceLaps",
    "noCockpit":false,
    "directive":"raceLaps",
    "jsSource":"../../ui/modules/apps/RaceLaps/app.js",
    "domElement":"<race-laps></race-laps>",
    "css":{
      "top":"0px",
      "height":"80px",
      "left":"0px",
      "width":"130px"
    }
  },
  {
    "name":"Race Check Points",
    "noCockpit":false,
    "directive":"raceCheckpoints",
    "jsSource":"../../ui/modules/apps/RaceCheckPoints/app.js",
    "domElement":"<race-checkpoints></race-checkpoints>",
    "css":{
      "top":"0px",
      "height":"40px",
      "margin":"auto",
      "left":"0px",
      "right":"0px",
      "width":"300px"
    }
  },
  {
    "name":"Race Time Comparison",
    "noCockpit":false,
    "directive":"raceTimeComparison",
    "jsSource":"../../ui/modules/apps/RaceTimeComparison/app.js",
    "domElement":"<race-time-comparison></race-time-comparison>",
    "css":{
      "top":"0px",
      "height":"80px",
      "right":"150px",
      "width":"150px"
    }
  },
  {
    "name":"RaceCountdown",
    "noCockpit":false,
    "directive":"raceCountdown",
    "jsSource":"../../ui/modules/apps/RaceCountdown/app.js",
    "domElement":"<race-countdown></race-countdown>",
    "css":{
      "top":"220px",
      "height":"160px",
      "margin":"auto",
      "left":"0px",
      "right":"0px",
      "width":"690px"
    }
  }
],
"driftScenario":[
  {
    "name":"Messages",
    "noCockpit":false,
    "directive":"messages",
    "jsSource":"../../ui/modules/apps/Messages/app.js",
    "domElement":"<messages></messages>",
    "css":{
      "top":"80px",
      "height":"400px",
      "left":"0px",
      "width":"500px"
    }
  },
  {
    "name":"Race Time",
    "noCockpit":false,
    "directive":"raceTime",
    "jsSource":"../../ui/modules/apps/RaceTime/app.js",
    "domElement":"<race-time></race-time>",
    "css":{
      "top":"0px",
      "height":"80px",
      "right":"0px",
      "width":"150px"
    }
  },
  {
    "name":"RaceLaps",
    "noCockpit":false,
    "directive":"raceLaps",
    "jsSource":"../../ui/modules/apps/RaceLaps/app.js",
    "domElement":"<race-laps></race-laps>",
    "css":{
      "top":"0px",
      "height":"80px",
      "left":"0px",
      "width":"130px"
    }
  },
  {
    "name":"Race Check Points",
    "noCockpit":false,
    "directive":"raceCheckpoints",
    "jsSource":"../../ui/modules/apps/RaceCheckPoints/app.js",
    "domElement":"<race-checkpoints></race-checkpoints>",
    "css":{
      "top":"0px",
      "height":"40px",
      "margin":"auto",
      "left":"0px",
      "right":"0px",
      "width":"300px"
    }
  },
  {
    "name":"Race Time Comparison",
    "noCockpit":false,
    "directive":"raceTimeComparison",
    "jsSource":"../../ui/modules/apps/RaceTimeComparison/app.js",
    "domElement":"<race-time-comparison></race-time-comparison>",
    "css":{
      "top":"0px",
      "height":"80px",
      "right":"150px",
      "width":"150px"
    }
  },
  {
    "name":"Tacho2",
    "noCockpit":true,
    "directive":"tacho2",
    "jsSource":"../../ui/modules/apps/Tacho2/app.js",
    "domElement":"<tacho2></tacho2>",
    "css":{
      "right":"20px",
      "height":"300px",
      "bottom":"20px",
      "width":"300px"
    }
  },
  {
    "noCockpit":true,
    "domElement":"<forced-induction></forced-induction>",
    "directive":"forcedInduction",
    "jsSource":"../../ui/modules/apps/Forcedinduction/app.js",
    "name":"ForcedInduction",
    "css":{
      "right":"20px",
      "height":"150px",
      "bottom":"320px",
      "width":"150px"
    }
  },
  {
    "name":"RaceCountdown",
    "noCockpit":false,
    "directive":"raceCountdown",
    "jsSource":"../../ui/modules/apps/RaceCountdown/app.js",
    "domElement":"<race-countdown></race-countdown>",
    "css":{
      "top":"220px",
      "height":"160px",
      "margin":"auto",
      "left":"0px",
      "right":"0px",
      "width":"690px"
    }
  },
  {
    "name":"Race Realtime Display",
    "noCockpit":false,
    "directive":"raceRealtimeDisplay",
    "jsSource":"../../ui/modules/apps/RaceRealtimeDisplay/app.js",
    "domElement":"<race-realtime-display></race-realtime-display>",
    "css":{
      "top":"200px",
      "height":"160px",
      "margin":"auto",
      "left":"0px",
      "right":"0px",
      "width":"690px"
    }
  },
  {
    "domElement":"<damage-app></damage-app>",
    "preserveAspectRatio":true,
    "noCockpit":false,
    "directive":"damageApp",
    "name":"ui.apps.vehicle_damage_app.name",
    "jsSource":"../../ui/modules/apps/DamageAppVehicleSimple/app.js",
    "css":{
      "position":"absolute",
      "height":"320px",
      "bottom":"0px",
      "left":"0px",
      "right":"",
      "top":"",
      "width":"180px"
    }
  }
],
"scenario_cinematic_start":[
  {
    "name":"RaceCountdown",
    "noCockpit":false,
    "directive":"raceCountdown",
    "jsSource":"../../ui/modules/apps/RaceCountdown/app.js",
    "domElement":"<race-countdown></race-countdown>",
    "css":{
      "top":"220px",
      "height":"160px",
      "margin":"auto",
      "left":"0px",
      "right":"0px",
      "width":"690px"
    }
  }
],
"scenario":[
  {
    "name":"Messages",
    "noCockpit":false,
    "directive":"messages",
    "jsSource":"../../ui/modules/apps/Messages/app.js",
    "domElement":"<messages></messages>",
    "css":{
      "top":"80px",
      "height":"400px",
      "left":"0px",
      "width":"500px"
    }
  },
  {
    "name":"Race Time",
    "noCockpit":false,
    "directive":"raceTime",
    "jsSource":"../../ui/modules/apps/RaceTime/app.js",
    "domElement":"<race-time></race-time>",
    "css":{
      "top":"0px",
      "height":"80px",
      "right":"0px",
      "width":"150px"
    }
  },
  {
    "name":"RaceLaps",
    "noCockpit":false,
    "directive":"raceLaps",
    "jsSource":"../../ui/modules/apps/RaceLaps/app.js",
    "domElement":"<race-laps></race-laps>",
    "css":{
      "top":"0px",
      "height":"80px",
      "left":"0px",
      "width":"130px"
    }
  },
  {
    "name":"Race Check Points",
    "noCockpit":false,
    "directive":"raceCheckpoints",
    "jsSource":"../../ui/modules/apps/RaceCheckPoints/app.js",
    "domElement":"<race-checkpoints></race-checkpoints>",
    "css":{
      "top":"0px",
      "height":"40px",
      "margin":"auto",
      "left":"0px",
      "right":"0px",
      "width":"300px"
    }
  },
  {
    "name":"Race Time Comparison",
    "noCockpit":false,
    "directive":"raceTimeComparison",
    "jsSource":"../../ui/modules/apps/RaceTimeComparison/app.js",
    "domElement":"<race-time-comparison></race-time-comparison>",
    "css":{
      "top":"0px",
      "height":"80px",
      "right":"150px",
      "width":"150px"
    }
  },
  {
    "name":"Tacho2",
    "noCockpit":true,
    "directive":"tacho2",
    "jsSource":"../../ui/modules/apps/Tacho2/app.js",
    "domElement":"<tacho2></tacho2>",
    "css":{
      "right":"20px",
      "height":"300px",
      "bottom":"20px",
      "width":"300px"
    }
  },
  {
    "noCockpit":true,
    "domElement":"<forced-induction></forced-induction>",
    "directive":"forcedInduction",
    "jsSource":"../../ui/modules/apps/Forcedinduction/app.js",
    "name":"ForcedInduction",
    "css":{
      "right":"20px",
      "height":"150px",
      "bottom":"320px",
      "width":"150px"
    }
  },
  {
    "name":"RaceCountdown",
    "noCockpit":false,
    "directive":"raceCountdown",
    "jsSource":"../../ui/modules/apps/RaceCountdown/app.js",
    "domElement":"<race-countdown></race-countdown>",
    "css":{
      "top":"220px",
      "height":"160px",
      "margin":"auto",
      "left":"0px",
      "right":"0px",
      "width":"690px"
    }
  },
  {
    "name":"Race Realtime Display",
    "noCockpit":false,
    "directive":"raceRealtimeDisplay",
    "jsSource":"../../ui/modules/apps/RaceRealtimeDisplay/app.js",
    "domElement":"<race-realtime-display></race-realtime-display>",
    "css":{
      "top":"200px",
      "height":"160px",
      "margin":"auto",
      "left":"0px",
      "right":"0px",
      "width":"690px"
    }
  },
  {
    "domElement":"<simple-powertrain-control></simple-powertrain-control>",
    "preserveAspectRatio":true,
    "noCockpit":true,
    "directive":"simplePowertrainControl",
    "name":"Simple Powertrain Control",
    "jsSource":"../../ui/modules/apps/SimplePowertrainControl/app.js",
    "css":{
      "position":"absolute",
      "height":"170px",
      "bottom":"0px",
      "left":"",
      "right":"260px",
      "top":"",
      "width":"230px"
    }
  },
  {
    "domElement":"<damage-app></damage-app>",
    "preserveAspectRatio":true,
    "noCockpit":false,
    "directive":"damageApp",
    "name":"ui.apps.vehicle_damage_app.name",
    "jsSource":"../../ui/modules/apps/DamageAppVehicleSimple/app.js",
    "css":{
      "position":"absolute",
      "height":"320px",
      "bottom":"0px",
      "left":"0px",
      "right":"",
      "top":"",
      "width":"180px"
    }
  },
  {
    "domElement":"<character-realtime-display></character-realtime-display>",
    "preserveAspectRatio":false,
    "noCockpit":false,
    "directive":"characterRealtimeDisplay",
    "name":"ui.apps.characterRealtimeDisplay.name",
    "jsSource":"../../ui/modules/apps/CharacterRealtimeDisplay/app.js",
    "css":{
      "position":"absolute",
      "height":"160px",
      "bottom":"65px",
      "margin":"auto",
      "left":0,
      "right":0,
      "top":"",
      "width":"400px"
    }
  }
],
"version":0.44,
"noncompeteScenario":[
  {
    "name":"Messages",
    "noCockpit":false,
    "directive":"messages",
    "jsSource":"../../ui/modules/apps/Messages/app.js",
    "domElement":"<messages></messages>",
    "css":{
      "top":"80px",
      "height":"400px",
      "left":"0px",
      "width":"500px"
    }
  },
  {
    "name":"Race Time",
    "noCockpit":false,
    "directive":"raceTime",
    "jsSource":"../../ui/modules/apps/RaceTime/app.js",
    "domElement":"<race-time></race-time>",
    "css":{
      "top":"0px",
      "height":"80px",
      "right":"0px",
      "width":"150px"
    }
  },
  {
    "name":"RaceLaps",
    "noCockpit":false,
    "directive":"raceLaps",
    "jsSource":"../../ui/modules/apps/RaceLaps/app.js",
    "domElement":"<race-laps></race-laps>",
    "css":{
      "top":"0px",
      "height":"80px",
      "left":"0px",
      "width":"130px"
    }
  },
  {
    "name":"Race Check Points",
    "noCockpit":false,
    "directive":"raceCheckpoints",
    "jsSource":"../../ui/modules/apps/RaceCheckPoints/app.js",
    "domElement":"<race-checkpoints></race-checkpoints>",
    "css":{
      "top":"0px",
      "height":"40px",
      "margin":"auto",
      "left":"0px",
      "right":"0px",
      "width":"300px"
    }
  },
  {
    "name":"Race Time Comparison",
    "noCockpit":false,
    "directive":"raceTimeComparison",
    "jsSource":"../../ui/modules/apps/RaceTimeComparison/app.js",
    "domElement":"<race-time-comparison></race-time-comparison>",
    "css":{
      "top":"0px",
      "height":"80px",
      "right":"150px",
      "width":"150px"
    }
  },
  {
    "name":"Tacho2",
    "noCockpit":true,
    "directive":"tacho2",
    "jsSource":"../../ui/modules/apps/Tacho2/app.js",
    "domElement":"<tacho2></tacho2>",
    "css":{
      "right":"20px",
      "height":"300px",
      "bottom":"20px",
      "width":"300px"
    }
  },
  {
    "noCockpit":true,
    "domElement":"<forced-induction></forced-induction>",
    "directive":"forcedInduction",
    "jsSource":"../../ui/modules/apps/Forcedinduction/app.js",
    "name":"ForcedInduction",
    "css":{
      "right":"20px",
      "height":"150px",
      "bottom":"320px",
      "width":"150px"
    }
  },
  {
    "name":"RaceCountdown",
    "noCockpit":false,
    "directive":"raceCountdown",
    "jsSource":"../../ui/modules/apps/RaceCountdown/app.js",
    "domElement":"<race-countdown></race-countdown>",
    "css":{
      "top":"220px",
      "height":"160px",
      "margin":"auto",
      "left":"0px",
      "right":"0px",
      "width":"690px"
    }
  },
  {
    "domElement":"<simple-powertrain-control></simple-powertrain-control>",
    "preserveAspectRatio":true,
    "noCockpit":true,
    "directive":"simplePowertrainControl",
    "name":"Simple Powertrain Control",
    "jsSource":"../../ui/modules/apps/SimplePowertrainControl/app.js",
    "css":{
      "position":"absolute",
      "height":"170px",
      "bottom":"0px",
      "left":"",
      "right":"260px",
      "top":"",
      "width":"230px"
    }
  },
  {
    "domElement":"<damage-app></damage-app>",
    "preserveAspectRatio":true,
    "noCockpit":false,
    "directive":"damageApp",
    "name":"ui.apps.vehicle_damage_app.name",
    "jsSource":"../../ui/modules/apps/DamageAppVehicleSimple/app.js",
    "css":{
      "position":"absolute",
      "height":"320px",
      "bottom":"0px",
      "left":"0px",
      "right":"",
      "top":"",
      "width":"180px"
    }
  }
],
"quickraceScenario":[
  {
    "domElement":"<messages></messages>",
    "preserveAspectRatio":false,
    "noCockpit":false,
    "directive":"messages",
    "name":"Messages",
    "jsSource":"../../ui/modules/apps/Messages/app.js",
    "css":{
      "position":"absolute",
      "height":"400px",
      "bottom":"",
      "left":"0px",
      "right":"",
      "top":"0px",
      "width":"500px"
    }
  },
  {
    "domElement":"<tacho2></tacho2>",
    "preserveAspectRatio":false,
    "noCockpit":true,
    "directive":"tacho2",
    "name":"Tacho2",
    "jsSource":"../../ui/modules/apps/Tacho2/app.js",
    "css":{
      "height":"300px",
      "right":"20px",
      "bottom":"20px",
      "width":"300px"
    }
  },
  {
    "domElement":"<forced-induction></forced-induction>",
    "preserveAspectRatio":false,
    "noCockpit":true,
    "directive":"forcedInduction",
    "name":"ForcedInduction",
    "jsSource":"../../ui/modules/apps/Forcedinduction/app.js",
    "css":{
      "height":"150px",
      "right":"20px",
      "bottom":"320px",
      "width":"150px"
    }
  },
  {
    "domElement":"<race-countdown></race-countdown>",
    "preserveAspectRatio":false,
    "noCockpit":false,
    "directive":"raceCountdown",
    "name":"RaceCountdown",
    "jsSource":"../../ui/modules/apps/RaceCountdown/app.js",
    "css":{
      "top":"220px",
      "height":"160px",
      "margin":"auto",
      "left":"0px",
      "right":"0px",
      "width":"690px"
    }
  },
  {
    "domElement":"<hotlapping></hotlapping>",
    "preserveAspectRatio":false,
    "noCockpit":false,
    "directive":"hotlapping",
    "name":"Hotlapping",
    "jsSource":"../../ui/modules/apps/Hotlapping/app.js",
    "css":{
      "position":"absolute",
      "height":"600px",
      "bottom":"",
      "left":"",
      "right":"10px",
      "top":"10px",
      "width":"350px"
    }
  },
  {
    "domElement":"<simple-powertrain-control></simple-powertrain-control>",
    "preserveAspectRatio":true,
    "noCockpit":true,
    "directive":"simplePowertrainControl",
    "name":"Simple Powertrain Control",
    "jsSource":"../../ui/modules/apps/SimplePowertrainControl/app.js",
    "css":{
      "position":"absolute",
      "height":"170px",
      "bottom":"0px",
      "left":"",
      "right":"260px",
      "top":"",
      "width":"230px"
    }
  },
  {
    "domElement":"<simple-pedals></simple-pedals>",
    "preserveAspectRatio":false,
    "noCockpit":false,
    "directive":"simplePedals",
    "name":"ui.apps.pedals_and_axis.name",
    "jsSource":"../../ui/modules/apps/SimplePedals/app.js",
    "css":{
      "position":"absolute",
      "height":"90px",
      "bottom":"20px",
      "left":"355px",
      "right":"",
      "top":"",
      "width":"130px"
    }
  },
  {
    "domElement":"<simple-steering></simple-steering>",
    "preserveAspectRatio":false,
    "noCockpit":false,
    "directive":"simpleSteering",
    "name":"ui.apps.steering_position.name",
    "jsSource":"../../ui/modules/apps/SimpleSteering/app.js",
    "css":{
      "position":"absolute",
      "height":"90px",
      "bottom":"110px",
      "left":"355px",
      "right":"",
      "top":"",
      "width":"130px"
    }
  },
  {
    "domElement":"<simple-brake-thermals></simple-brake-thermals>",
    "preserveAspectRatio":false,
    "noCockpit":false,
    "directive":"simpleBrakeThermals",
    "name":"Simple Brake Thermals",
    "jsSource":"../../ui/modules/apps/SimpleBrakeThermals/app.js",
    "css":{
      "position":"absolute",
      "height":"180px",
      "bottom":"20px",
      "left":"20px",
      "right":"",
      "top":"",
      "width":"150px"
    }
  },
  {
    "domElement":"<gforces-debug></gforces-debug>",
    "preserveAspectRatio":true,
    "noCockpit":false,
    "directive":"gforcesDebug",
    "name":"ui.apps.g-forces.name",
    "jsSource":"../../ui/modules/apps/gForcesDebug/app.js",
    "css":{
      "position":"absolute",
      "height":"180px",
      "bottom":"20px",
      "left":"170px",
      "right":"",
      "top":"",
      "width":"180px"
    }
  }
],
"career":[
  {
    "name":"Messages",
    "noCockpit":false,
    "directive":"messages",
    "jsSource":"../../ui/modules/apps/Messages/app.js",
    "domElement":"<messages></messages>",
    "css":{
      "top":"0px",
      "height":"400px",
      "left":"0px",
      "width":"500px"
    }
  },
  {
    "name":"Tacho2",
    "noCockpit":true,
    "directive":"tacho2",
    "jsSource":"../../ui/modules/apps/Tacho2/app.js",
    "domElement":"<tacho2></tacho2>",
    "css":{
      "right":"20px",
      "height":"300px",
      "bottom":"20px",
      "width":"300px"
    }
  },
  {
    "noCockpit":true,
    "domElement":"<forced-induction></forced-induction>",
    "directive":"forcedInduction",
    "jsSource":"../../ui/modules/apps/Forcedinduction/app.js",
    "name":"ForcedInduction",
    "css":{
      "right":"20px",
      "height":"150px",
      "bottom":"320px",
      "width":"150px"
    }
  },
  {
    "noCockpit":false,
    "domElement":"<key-list></key-list>",
    "directive":"keyList",
    "jsSource":"../../ui/modules/apps/Keys/app.js",
    "name":"Keys",
    "css":{
      "top":"0px",
      "right":"0px",
      "height":"500px",
      "width":"355px"
    }
  },
  {
    "domElement":"<radialmenu></radialmenu>",
    "directive":"radialmenu",
    "name":"Radial menu",
    "jsSource":"../../ui/modules/apps/RadialMenu/app.js",
    "css":{
      "top":"0",
      "height":"450px",
      "bottom":"0",
      "left":"0",
      "right":"0",
      "margin":"auto",
      "width":"450px"
    }
  },
  {
    "domElement":"<simple-powertrain-control></simple-powertrain-control>",
    "preserveAspectRatio":true,
    "noCockpit":true,
    "directive":"simplePowertrainControl",
    "name":"Simple Powertrain Control",
    "jsSource":"../../ui/modules/apps/SimplePowertrainControl/app.js",
    "css":{
      "position":"absolute",
      "height":"170px",
      "bottom":"0px",
      "left":"",
      "right":"260px",
      "top":"",
      "width":"230px"
    }
  },
  {
    "name":"RaceCountdown",
    "noCockpit":false,
    "directive":"raceCountdown",
    "jsSource":"../../ui/modules/apps/RaceCountdown/app.js",
    "domElement":"<race-countdown></race-countdown>",
    "css":{
      "top":"220px",
      "height":"160px",
      "margin":"auto",
      "left":"0px",
      "right":"0px",
      "width":"690px"
    }
  },
  {
    "domElement":"<race-realtime-display></race-realtime-display>",
    "preserveAspectRatio":false,
    "noCockpit":false,
    "directive":"raceRealtimeDisplay",
    "name":"Race Realtime Display",
    "jsSource":"../../ui/modules/apps/RaceRealtimeDisplay/app.js",
    "css":{
      "top":"200px",
      "height":"160px",
      "margin":"auto",
      "left":"0px",
      "right":"0px",
      "width":"690px"
    }
  },
  {
    "domElement":"<damage-app></damage-app>",
    "preserveAspectRatio":true,
    "noCockpit":false,
    "directive":"damageApp",
    "name":"ui.apps.vehicle_damage_app.name",
    "jsSource":"../../ui/modules/apps/DamageAppVehicleSimple/app.js",
    "css":{
      "position":"absolute",
      "height":"320px",
      "bottom":"0px",
      "left":"0px",
      "right":"",
      "top":"",
      "width":"180px"
    }
  }
],
"damageScenario":[
  {
    "noCockpit":false,
    "domElement":"<messages></messages>",
    "directive":"messages",
    "jsSource":"../../ui/modules/apps/Messages/app.js",
    "name":"Messages",
    "css":{
      "position":"absolute",
      "height":"400px",
      "bottom":"",
      "left":"0px",
      "right":"",
      "top":"0px",
      "width":"500px"
    }
  },
  {
    "noCockpit":false,
    "domElement":"<race-time></race-time>",
    "directive":"raceTime",
    "jsSource":"../../ui/modules/apps/RaceTime/app.js",
    "name":"Race Time",
    "css":{
      "position":"absolute",
      "height":"80px",
      "bottom":"",
      "margin":"auto",
      "left":0,
      "right":0,
      "top":"0px",
      "width":"150px"
    }
  },
  {
    "noCockpit":true,
    "domElement":"<tacho2></tacho2>",
    "directive":"tacho2",
    "jsSource":"../../ui/modules/apps/Tacho2/app.js",
    "name":"Tacho2",
    "css":{
      "height":"300px",
      "right":"20px",
      "bottom":"20px",
      "width":"300px"
    }
  },
  {
    "noCockpit":true,
    "domElement":"<forced-induction></forced-induction>",
    "directive":"forcedInduction",
    "jsSource":"../../ui/modules/apps/Forcedinduction/app.js",
    "name":"ForcedInduction",
    "css":{
      "height":"150px",
      "right":"20px",
      "bottom":"320px",
      "width":"150px"
    }
  },
  {
    "noCockpit":false,
    "domElement":"<race-countdown></race-countdown>",
    "directive":"raceCountdown",
    "jsSource":"../../ui/modules/apps/RaceCountdown/app.js",
    "name":"RaceCountdown",
    "css":{
      "top":"220px",
      "height":"160px",
      "margin":"auto",
      "left":"0px",
      "right":"0px",
      "width":"690px"
    }
  },
  {
    "domElement":"<damage-app></damage-app>",
    "preserveAspectRatio":true,
    "noCockpit":false,
    "directive":"damageApp",
    "name":"ui.apps.vehicle_damage_app.name",
    "jsSource":"../../ui/modules/apps/DamageAppVehicleSimple/app.js",
    "css":{
      "position":"absolute",
      "height":"320px",
      "bottom":"0px",
      "left":"0px",
      "right":"",
      "top":"",
      "width":"180px"
    }
  }
],
"freeroam":[
  {
    "preserveAspectRatio":false,
    "jsSource":"../../ui/modules/apps/Messages/app.js",
    "noCockpit":false,
    "directive":"messages",
    "name":"Messages",
    "domElement":"<messages></messages>",
    "css":{
      "top":"0px",
      "height":"400px",
      "left":"0px",
      "width":"500px"
    }
  },
  {
    "preserveAspectRatio":false,
    "jsSource":"../../ui/modules/apps/Tacho2/app.js",
    "noCockpit":true,
    "directive":"tacho2",
    "name":"Tacho2",
    "domElement":"<tacho2></tacho2>",
    "css":{
      "right":"20px",
      "height":"300px",
      "bottom":"20px",
      "width":"300px"
    }
  },
  {
    "preserveAspectRatio":false,
    "jsSource":"../../ui/modules/apps/Forcedinduction/app.js",
    "noCockpit":true,
    "directive":"forcedInduction",
    "name":"ForcedInduction",
    "domElement":"<forced-induction></forced-induction>",
    "css":{
      "right":"20px",
      "height":"150px",
      "bottom":"320px",
      "width":"150px"
    }
  },
  {
    "preserveAspectRatio":false,
    "jsSource":"../../ui/modules/apps/Keys/app.js",
    "noCockpit":false,
    "directive":"keyList",
    "name":"Keys",
    "domElement":"<key-list></key-list>",
    "css":{
      "top":"0px",
      "right":"0px",
      "height":"500px",
      "width":"355px"
    }
  },
  {
    "preserveAspectRatio":false,
    "jsSource":"../../ui/modules/apps/RadialMenu/app.js",
    "noCockpit":false,
    "directive":"radialmenu",
    "name":"Radial menu",
    "domElement":"<radialmenu></radialmenu>",
    "css":{
      "top":"0",
      "height":"450px",
      "bottom":"0",
      "left":"0",
      "right":"0",
      "margin":"auto",
      "width":"450px"
    }
  },
  {
    "preserveAspectRatio":true,
    "jsSource":"../../ui/modules/apps/SimplePowertrainControl/app.js",
    "noCockpit":true,
    "directive":"simplePowertrainControl",
    "name":"Simple Powertrain Control",
    "domElement":"<simple-powertrain-control></simple-powertrain-control>",
    "css":{
      "position":"absolute",
      "height":"170px",
      "bottom":"0px",
      "left":"",
      "right":"260px",
      "top":"",
      "width":"230px"
    }
  },
  {
    "preserveAspectRatio":true,
    "jsSource":"../../ui/modules/apps/DamageAppVehicleSimple/app.js",
    "noCockpit":false,
    "directive":"damageApp",
    "name":"ui.apps.vehicle_damage_app.name",
    "domElement":"<damage-app></damage-app>",
    "css":{
      "position":"absolute",
      "height":"320px",
      "bottom":"0px",
      "left":"0px",
      "right":"",
      "top":"",
      "width":"180px"
    }
  }
],
"singleCheckpointScenario":[
  {
    "name":"Messages",
    "noCockpit":false,
    "directive":"messages",
    "jsSource":"../../ui/modules/apps/Messages/app.js",
    "domElement":"<messages></messages>",
    "css":{
      "top":"00px",
      "height":"400px",
      "left":"0px",
      "width":"500px"
    }
  },
  {
    "name":"Race Time",
    "noCockpit":false,
    "directive":"raceTime",
    "jsSource":"../../ui/modules/apps/RaceTime/app.js",
    "domElement":"<race-time></race-time>",
    "css":{
      "top":"0px",
      "height":"80px",
      "margin":"auto",
      "left":"0px",
      "right":"0px",
      "width":"150px"
    }
  },
  {
    "name":"Tacho2",
    "noCockpit":true,
    "directive":"tacho2",
    "jsSource":"../../ui/modules/apps/Tacho2/app.js",
    "domElement":"<tacho2></tacho2>",
    "css":{
      "right":"20px",
      "height":"300px",
      "bottom":"20px",
      "width":"300px"
    }
  },
  {
    "noCockpit":true,
    "domElement":"<forced-induction></forced-induction>",
    "directive":"forcedInduction",
    "jsSource":"../../ui/modules/apps/Forcedinduction/app.js",
    "name":"ForcedInduction",
    "css":{
      "right":"20px",
      "height":"150px",
      "bottom":"320px",
      "width":"150px"
    }
  },
  {
    "name":"RaceCountdown",
    "noCockpit":false,
    "directive":"raceCountdown",
    "jsSource":"../../ui/modules/apps/RaceCountdown/app.js",
    "domElement":"<race-countdown></race-countdown>",
    "css":{
      "top":"220px",
      "height":"160px",
      "margin":"auto",
      "left":"0px",
      "right":"0px",
      "width":"690px"
    }
  },
  {
    "name":"Race Realtime Display",
    "noCockpit":false,
    "directive":"raceRealtimeDisplay",
    "jsSource":"../../ui/modules/apps/RaceRealtimeDisplay/app.js",
    "domElement":"<race-realtime-display></race-realtime-display>",
    "css":{
      "top":"200px",
      "height":"160px",
      "margin":"auto",
      "left":"0px",
      "right":"0px",
      "width":"690px"
    }
  },
  {
    "domElement":"<simple-powertrain-control></simple-powertrain-control>",
    "preserveAspectRatio":true,
    "noCockpit":true,
    "directive":"simplePowertrainControl",
    "name":"Simple Powertrain Control",
    "jsSource":"../../ui/modules/apps/SimplePowertrainControl/app.js",
    "css":{
      "position":"absolute",
      "height":"170px",
      "bottom":"0px",
      "left":"",
      "right":"260px",
      "top":"",
      "width":"230px"
    }
  },
  {
    "domElement":"<damage-app></damage-app>",
    "preserveAspectRatio":true,
    "noCockpit":false,
    "directive":"damageApp",
    "name":"ui.apps.vehicle_damage_app.name",
    "jsSource":"../../ui/modules/apps/DamageAppVehicleSimple/app.js",
    "css":{
      "position":"absolute",
      "height":"320px",
      "bottom":"0px",
      "left":"0px",
      "right":"",
      "top":"",
      "width":"180px"
    }
  },
  {
    "domElement":"<character-realtime-display></character-realtime-display>",
    "preserveAspectRatio":false,
    "noCockpit":false,
    "directive":"characterRealtimeDisplay",
    "name":"ui.apps.characterRealtimeDisplay.name",
    "jsSource":"../../ui/modules/apps/CharacterRealtimeDisplay/app.js",
    "css":{
      "position":"absolute",
      "height":"160px",
      "bottom":"65px",
      "margin":"auto",
      "left":0,
      "right":0,
      "top":"",
      "width":"400px"
    }
  }
],
"proceduralScenario":[
  {
    "domElement":"<messages></messages>",
    "preserveAspectRatio":false,
    "noCockpit":false,
    "directive":"messages",
    "name":"Messages",
    "jsSource":"../../ui/modules/apps/Messages/app.js",
    "css":{
      "position":"absolute",
      "height":"400px",
      "bottom":"",
      "left":"0px",
      "right":"",
      "top":"0px",
      "width":"500px"
    }
  },
  {
    "domElement":"<tacho2></tacho2>",
    "preserveAspectRatio":false,
    "noCockpit":true,
    "directive":"tacho2",
    "name":"Tacho2",
    "jsSource":"../../ui/modules/apps/Tacho2/app.js",
    "css":{
      "height":"300px",
      "right":"20px",
      "bottom":"20px",
      "width":"300px"
    }
  },
  {
    "domElement":"<forced-induction></forced-induction>",
    "preserveAspectRatio":false,
    "noCockpit":true,
    "directive":"forcedInduction",
    "name":"ForcedInduction",
    "jsSource":"../../ui/modules/apps/Forcedinduction/app.js",
    "css":{
      "height":"150px",
      "right":"20px",
      "bottom":"320px",
      "width":"150px"
    }
  },
  {
    "domElement":"<race-countdown></race-countdown>",
    "preserveAspectRatio":false,
    "noCockpit":false,
    "directive":"raceCountdown",
    "name":"RaceCountdown",
    "jsSource":"../../ui/modules/apps/RaceCountdown/app.js",
    "css":{
      "top":"220px",
      "height":"160px",
      "margin":"auto",
      "left":"0px",
      "right":"0px",
      "width":"690px"
    }
  },
  {
    "domElement":"<proctrack></proctrack>",
    "preserveAspectRatio":false,
    "noCockpit":false,
    "directive":"proctrack",
    "name":"ProcTrack",
    "jsSource":"../../ui/modules/apps/ProcTrack/app.js",
    "css":{
      "position":"absolute",
      "height":"50px",
      "bottom":"",
      "left":"",
      "right":"10px",
      "top":"10px",
      "width":"350px"
    }
  },
  {
    "domElement":"<hotlapping></hotlapping>",
    "preserveAspectRatio":false,
    "noCockpit":false,
    "directive":"hotlapping",
    "name":"Hotlapping",
    "jsSource":"../../ui/modules/apps/Hotlapping/app.js",
    "css":{
      "position":"absolute",
      "height":"550px",
      "bottom":"",
      "left":"",
      "right":"10px",
      "top":"55px",
      "width":"350px"
    }
  },
  {
    "domElement":"<simple-powertrain-control></simple-powertrain-control>",
    "preserveAspectRatio":true,
    "noCockpit":true,
    "directive":"simplePowertrainControl",
    "name":"Simple Powertrain Control",
    "jsSource":"../../ui/modules/apps/SimplePowertrainControl/app.js",
    "css":{
      "position":"absolute",
      "height":"170px",
      "bottom":"0px",
      "left":"",
      "right":"260px",
      "top":"",
      "width":"230px"
    }
  },
  {
    "domElement":"<simple-pedals></simple-pedals>",
    "preserveAspectRatio":false,
    "noCockpit":false,
    "directive":"simplePedals",
    "name":"ui.apps.pedals_and_axis.name",
    "jsSource":"../../ui/modules/apps/SimplePedals/app.js",
    "css":{
      "position":"absolute",
      "height":"90px",
      "bottom":"20px",
      "left":"355px",
      "right":"",
      "top":"",
      "width":"130px"
    }
  },
  {
    "domElement":"<simple-steering></simple-steering>",
    "preserveAspectRatio":false,
    "noCockpit":false,
    "directive":"simpleSteering",
    "name":"ui.apps.steering_position.name",
    "jsSource":"../../ui/modules/apps/SimpleSteering/app.js",
    "css":{
      "position":"absolute",
      "height":"90px",
      "bottom":"110px",
      "left":"355px",
      "right":"",
      "top":"",
      "width":"130px"
    }
  },
  {
    "domElement":"<simple-brake-thermals></simple-brake-thermals>",
    "preserveAspectRatio":false,
    "noCockpit":false,
    "directive":"simpleBrakeThermals",
    "name":"Simple Brake Thermals",
    "jsSource":"../../ui/modules/apps/SimpleBrakeThermals/app.js",
    "css":{
      "position":"absolute",
      "height":"180px",
      "bottom":"20px",
      "left":"20px",
      "right":"",
      "top":"",
      "width":"150px"
    }
  },
  {
    "domElement":"<gforces-debug></gforces-debug>",
    "preserveAspectRatio":true,
    "noCockpit":false,
    "directive":"gforcesDebug",
    "name":"ui.apps.g-forces.name",
    "jsSource":"../../ui/modules/apps/gForcesDebug/app.js",
    "css":{
      "position":"absolute",
      "height":"180px",
      "bottom":"20px",
      "left":"170px",
      "right":"",
      "top":"",
      "width":"180px"
    }
  }
]
}