[
  {
    "name":"Messages",
    "directive":"messages",
    "noCockpit":true,
    "domElement":"<messages></messages>",
    "css":{
      "top":"0px",
      "height":"400px",
      "width":"500px",
      "left":"0px",
      "position":"absolute",
      "bottom":"",
      "right":""
    },
    "jsSource":"../../ui/modules/apps/Messages/app.js",
    "preserveAspectRatio":false
  },
  {
    "name":"Tacho2",
    "directive":"tacho2",
    "noCockpit":true,
    "domElement":"<tacho2></tacho2>",
    "css":{
      "bottom":"20px",
      "right":"20px",
      "height":"300px",
      "width":"300px"
    },
    "jsSource":"../../ui/modules/apps/Tacho2/app.js",
    "preserveAspectRatio":false
  },
  {
    "name":"ForcedInduction",
    "directive":"forcedInduction",
    "noCockpit":true,
    "domElement":"<forced-induction></forced-induction>",
    "css":{
      "bottom":"320px",
      "right":"20px",
      "height":"150px",
      "width":"150px"
    },
    "jsSource":"../../ui/modules/apps/Forcedinduction/app.js",
    "preserveAspectRatio":false
  },
  {
    "name":"Keys",
    "directive":"keyList",
    "noCockpit":false,
    "domElement":"<key-list></key-list>",
    "css":{
      "top":"0px",
      "height":"500px",
      "right":"0px",
      "width":"355px"
    },
    "jsSource":"../../ui/modules/apps/Keys/app.js",
    "preserveAspectRatio":false
  },
  {
    "name":"Radial menu",
    "directive":"radialmenu",
    "noCockpit":true,
    "domElement":"<radialmenu></radialmenu>",
    "css":{
      "top":0,
      "height":"470px",
      "bottom":0,
      "width":"470px",
      "left":0,
      "position":"absolute",
      "margin":"auto",
      "right":0
    },
    "jsSource":"../../ui/modules/apps/RadialMenu/app.js",
    "preserveAspectRatio":false
  },
  {
    "name":"Simple Powertrain Control",
    "directive":"simplePowertrainControl",
    "noCockpit":true,
    "domElement":"<simple-powertrain-control></simple-powertrain-control>",
    "css":{
      "top":"",
      "height":"170px",
      "width":"230px",
      "left":"",
      "position":"absolute",
      "bottom":"0px",
      "right":"260px"
    },
    "jsSource":"../../ui/modules/apps/SimplePowertrainControl/app.js",
    "preserveAspectRatio":true
  },
  {
    "name":"ui.apps.vehicle_damage_app.name",
    "directive":"damageApp",
    "noCockpit":false,
    "domElement":"<damage-app></damage-app>",
    "css":{
      "top":"",
      "height":"320px",
      "width":"180px",
      "left":"0px",
      "position":"absolute",
      "bottom":"0px",
      "right":""
    },
    "jsSource":"../../ui/modules/apps/DamageAppVehicleSimple/app.js",
    "preserveAspectRatio":true
  },
  {
    "name":"Multiplayer Chat",
    "directive":"multiplayerchat",
    "noCockpit":false,
    "domElement":"<multiplayerchat></multiplayerchat>",
    "css":{
      "top":"",
      "height":"170px",
      "width":"580px",
      "left":"180px",
      "position":"absolute",
      "right":"",
      "bottom":"0px"
    },
    "jsSource":"../../ui/modules/apps/BeamMP-Chat/app.js",
    "preserveAspectRatio":false
  },
  {
    "name":"Multiplayer Session",
    "directive":"multiplayersession",
    "noCockpit":false,
    "domElement":"<multiplayersession></multiplayersession>",
    "css":{
      "top":"0px",
      "height":"40px",
      "bottom":"",
      "width":"700px",
      "left":0,
      "position":"absolute",
      "margin":"auto",
      "right":0
    },
    "jsSource":"../../ui/modules/apps/BeamMP-Session/app.js",
    "preserveAspectRatio":false
  },
  {
    "name":"Multiplayer Player List",
    "directive":"multiplayerplayerlist",
    "noCockpit":false,
    "domElement":"<multiplayerplayerlist></multiplayerplayerlist>",
    "css":{
      "top":"",
      "height":"927px",
      "width":"240px",
      "left":"",
      "position":"absolute",
      "bottom":"0px",
      "right":"0px"
    },
    "jsSource":"../../ui/modules/apps/BeamMP-PlayerList/app.js",
    "preserveAspectRatio":false
  }
]